"DESCRIPTION","DURATION IN MS","NAME","PARENT SUITE","START TIME","STATUS","STOP TIME","SUB SUITE","SUITE","TEST CLASS","TEST METHOD"
"Verify that the selected product is displayed on the Checkout Overview page before completing the order.","5427","Verify that the cart item is displayed in checkout overview","Command line suite","2026-08-30","passed","2026-08-30","com.SauceDemo.testcases.CheckoutTest","Command line test","com.SauceDemo.testcases.CheckoutTest","shouldDisplayItemsInCheckoutOverview"
"Verify that clicking the Back to Products button after completing an order returns the user to the Inventory page.","8900","Verify navigation back to the Inventory page","Command line suite","2026-08-30","passed","2026-08-30","com.SauceDemo.testcases.CheckoutTest","Command line test","com.SauceDemo.testcases.CheckoutTest","shouldReturnToInventoryPageWhenBackToProductsIsClicked"
"Verify that the product price is displayed on the product details page.","5001","Verify the product price is displayed","Command line suite","2026-08-30","passed","2026-08-30","com.SauceDemo.testcases.ProductDetailsTest","Command line test","com.SauceDemo.testcases.ProductDetailsTest","shouldDisplayProductPrice"
"Verify that products are sorted correctly by price in descending order when the Price (high to low) option is selected.","3635","Verify product sorting by price from high to low","Command line suite","2026-08-30","passed","2026-08-30","com.SauceDemo.testcases.InventoryTest","Command line test","com.SauceDemo.testcases.InventoryTest","shouldSortProductsByPriceHighToLow"
"Verify that a product can be removed from the shopping cart and that the shopping cart badge is no longer displayed.","32910","Verify that a product can be removed from the cart","Command line suite","2026-08-30","passed","2026-08-30","com.SauceDemo.testcases.InventoryTest","Command line test","com.SauceDemo.testcases.InventoryTest","shouldRemoveProductFromCart"
"Verify that clicking the Checkout button from the shopping cart navigates the user to the Checkout: Your Information page.","6200","Verify navigation to the Checkout page","Command line suite","2026-08-30","passed","2026-08-30","com.SauceDemo.testcases.CartTest","Command line test","com.SauceDemo.testcases.CartTest","shouldNavigateToCheckoutPage"
"Verify that the generated order PDF contains the postal code entered during checkout.","8978","Verify that the postal code is included in the generated PDF","Command line suite","2026-08-30","passed","2026-08-30","com.SauceDemo.testcases.CheckoutTest","Command line test","com.SauceDemo.testcases.CheckoutTest","shouldBeAbleToGetPostalCodeFromThePdf"
"Verify that a product can be added to the shopping cart from the product details page and that the Remove button is displayed afterward.","5264","Verify that a product can be added to the cart","Command line suite","2026-08-30","passed","2026-08-30","com.SauceDemo.testcases.ProductDetailsTest","Command line test","com.SauceDemo.testcases.ProductDetailsTest","shouldAddProductToCart"
"Verify that the user can navigate from the Inventory page to the shopping cart page by clicking the shopping cart icon.","8366","Verify navigation to the shopping cart page","Command line suite","2026-08-30","passed","2026-08-30","com.SauceDemo.testcases.InventoryTest","Command line test","com.SauceDemo.testcases.InventoryTest","shouldBeAbleToEnterToCartPage"
"Verify that the shopping cart displays the correct number of products after multiple products are added to the cart.","5774","Verify the number of items in the shopping cart","Command line suite","2026-08-30","passed","2026-08-30","com.SauceDemo.testcases.CartTest","Command line test","com.SauceDemo.testcases.CartTest","shouldDisplayCorrectNumberOfItemsInCart"
"Verify that the generated order document is downloaded as a PDF file.","10896","Verify that the downloaded file is a PDF","Command line suite","2026-08-30","passed","2026-08-30","com.SauceDemo.testcases.CheckoutTest","Command line test","com.SauceDemo.testcases.CheckoutTest","shouldGeneratePdfFile"
"Verify that the generated order PDF contains the customer's last name entered during checkout.","4631","Verify that the last name is included in the generated PDF","Command line suite","2026-08-30","passed","2026-08-30","com.SauceDemo.testcases.CheckoutTest","Command line test","com.SauceDemo.testcases.CheckoutTest","shouldIncludeLastNameInGeneratedPdf"
"Verify that the user can successfully complete the checkout process and receives the order confirmation message.","6572","Verify successful checkout completion","Command line suite","2026-08-30","passed","2026-08-30","com.SauceDemo.testcases.CheckoutTest","Command line test","com.SauceDemo.testcases.CheckoutTest","shouldCompleteCheckoutSuccessfully"
"Verify that the generated order PDF contains data and is not empty.","6819","Verify that the generated PDF is not empty","Command line suite","2026-08-30","passed","2026-08-30","com.SauceDemo.testcases.CheckoutTest","Command line test","com.SauceDemo.testcases.CheckoutTest","shouldGenerateNonEmptyPdf"
"Verify that the Add to Cart button is displayed on the product details page.","2117","Verify the Add to Cart button is displayed","Command line suite","2026-08-30","passed","2026-08-30","com.SauceDemo.testcases.ProductDetailsTest","Command line test","com.SauceDemo.testcases.ProductDetailsTest","shouldDisplayAddToCartButton"
"Verify that all product names are displayed correctly on the Inventory page.","4442","Verify that all product names are displayed","Command line suite","2026-08-30","passed","2026-08-30","com.SauceDemo.testcases.InventoryTest","Command line test","com.SauceDemo.testcases.InventoryTest","shouldDisplayAllProductNames"
"Verify that the generated order PDF contains the customer's first name entered during checkout.","8544","Verify that the first name is included in the generated PDF","Command line suite","2026-08-30","passed","2026-08-30","com.SauceDemo.testcases.CheckoutTest","Command line test","com.SauceDemo.testcases.CheckoutTest","shouldIncludeFirstNameInGeneratedPdf"
"Verify that the correct product name is displayed on the product details page.","4303","Verify the product name","Command line suite","2026-08-30","passed","2026-08-30","com.SauceDemo.testcases.ProductDetailsTest","Command line test","com.SauceDemo.testcases.ProductDetailsTest","shouldDisplayCorrectProductName"
"Verify that a product can be added to the shopping cart and that the cart item count is updated.","4842","Verify that a product can be added to the cart","Command line suite","2026-08-30","passed","2026-08-30","com.SauceDemo.testcases.InventoryTest","Command line test","com.SauceDemo.testcases.InventoryTest","shouldAddProductToCart"
"Verify that clicking the Back to Products button from the product details page returns the user to the Products page.","1392","Verify navigation back to the Products page","Command line suite","2026-08-30","passed","2026-08-30","com.SauceDemo.testcases.ProductDetailsTest","Command line test","com.SauceDemo.testcases.ProductDetailsTest","shouldReturnToProductsPage"
"Verify that products are sorted correctly from A to Z when the Name (A to Z) sorting option is selected.","4794","Verify product sorting from A to Z","Command line suite","2026-08-30","passed","2026-08-30","com.SauceDemo.testcases.InventoryTest","Command line test","com.SauceDemo.testcases.InventoryTest","shouldSortProductsFromAToZ"
"Verify that the Inventory page displays exactly six products.","6712","Verify that six products are displayed","Command line suite","2026-08-30","passed","2026-08-30","com.SauceDemo.testcases.InventoryTest","Command line test","com.SauceDemo.testcases.InventoryTest","shouldDisplaySixInventoryItems"
"Verify that the total price is displayed on the Checkout Overview page before completing the order.","5610","Verify that the total price is displayed in checkout overview","Command line suite","2026-08-30","passed","2026-08-30","com.SauceDemo.testcases.CheckoutTest","Command line test","com.SauceDemo.testcases.CheckoutTest","shouldDisplayTotalPriceInCheckoutOverview"
"Verify that the user can enter valid checkout information and continue to the Checkout Overview page.","7377","Verify navigation to the Checkout Overview page","Command line suite","2026-08-30","passed","2026-08-30","com.SauceDemo.testcases.CheckoutTest","Command line test","com.SauceDemo.testcases.CheckoutTest","shouldContinueToCheckoutOverview"
"Verify that products are sorted correctly from Z to A when the Name (Z to A) sorting option is selected.","5215","Verify product sorting from Z to A","Command line suite","2026-08-30","passed","2026-08-30","com.SauceDemo.testcases.InventoryTest","Command line test","com.SauceDemo.testcases.InventoryTest","shouldSortProductsFromZToA"
"Verify that a product is successfully removed from the shopping cart when the user clicks the Remove button.","33410","Verify that an item can be removed from the shopping cart","Command line suite","2026-08-30","passed","2026-08-30","com.SauceDemo.testcases.CartTest","Command line test","com.SauceDemo.testcases.CartTest","shouldRemoveItemFromCart"
"Verify that the product description is displayed on the product details page.","3340","Verify the product description is displayed","Command line suite","2026-08-30","passed","2026-08-30","com.SauceDemo.testcases.ProductDetailsTest","Command line test","com.SauceDemo.testcases.ProductDetailsTest","shouldDisplayProductDescription"
"Verify that the product image is displayed on the product details page.","5369","Verify the product image is displayed","Command line suite","2026-08-30","passed","2026-08-30","com.SauceDemo.testcases.ProductDetailsTest","Command line test","com.SauceDemo.testcases.ProductDetailsTest","shouldDisplayProductImage"
"Verify that a product can be removed from the shopping cart from the product details page and that the Add to Cart button is displayed afterward.","3526","Verify that a product can be removed from the cart","Command line suite","2026-08-30","passed","2026-08-30","com.SauceDemo.testcases.ProductDetailsTest","Command line test","com.SauceDemo.testcases.ProductDetailsTest","shouldRemoveProductFromCart"
"Verify that the user can successfully log out of the application and is returned to the Login page.","5441","Verify successful logout","Command line suite","2026-08-30","passed","2026-08-30","com.SauceDemo.testcases.InventoryTest","Command line test","com.SauceDemo.testcases.InventoryTest","shouldBeAbleToLogout"
"Verify that the product price is displayed correctly when a product is added to the shopping cart.","5889","Verify that the product price is displayed in the cart","Command line suite","2026-08-30","passed","2026-08-30","com.SauceDemo.testcases.CartTest","Command line test","com.SauceDemo.testcases.CartTest","shouldDisplayItemPriceInCart"
"Verify that clicking the Cancel button during checkout returns the user to the shopping cart page.","5739","Verify navigation back to the cart when Cancel is clicked","Command line suite","2026-08-30","passed","2026-08-30","com.SauceDemo.testcases.CheckoutTest","Command line test","com.SauceDemo.testcases.CheckoutTest","shouldReturnToCartPageWhenCancelIsClicked"
"Verify that an order confirmation PDF can be generated successfully after completing the checkout process.","13430","Verify that the order PDF is downloaded","Command line suite","2026-08-30","passed","2026-08-30","com.SauceDemo.testcases.CheckoutTest","Command line test","com.SauceDemo.testcases.CheckoutTest","shouldGeneratePdf"
"Verify that a user can log in successfully with valid username and password and is redirected to the Inventory page.","5354","Verify successful login with valid credentials","Command line suite","2026-08-30","passed","2026-08-30","com.SauceDemo.testcases.LoginTest","Command line test","com.SauceDemo.testcases.LoginTest","ShouldBeAbleToLogin"
"Verify that all product prices are displayed with the dollar currency symbol.","2171","Verify that all product prices use dollar currency","Command line suite","2026-08-30","passed","2026-08-30","com.SauceDemo.testcases.InventoryTest","Command line test","com.SauceDemo.testcases.InventoryTest","shouldDisplayAllProductPricesWithDollarCurrency"
"Verify that multiple products can be added to the shopping cart and that the cart item count matches the number of products added.","2817","Verify that multiple products can be added to the cart","Command line suite","2026-08-30","passed","2026-08-30","com.SauceDemo.testcases.InventoryTest","Command line test","com.SauceDemo.testcases.InventoryTest","shouldAddMultipleProductsToCart"
"Verify that products are sorted correctly by price in ascending order when the Price (low to high) option is selected.","10665","Verify product sorting by price from low to high","Command line suite","2026-08-30","passed","2026-08-30","com.SauceDemo.testcases.InventoryTest","Command line test","com.SauceDemo.testcases.InventoryTest","shouldSortProductsByPriceLowToHigh"
"Verify that payment information is displayed on the Checkout Overview page before completing the order.","7536","Verify that payment information is displayed","Command line suite","2026-08-30","passed","2026-08-30","com.SauceDemo.testcases.CheckoutTest","Command line test","com.SauceDemo.testcases.CheckoutTest","shouldDisplayPaymentInformation"
"Verify that clicking the Continue Shopping button navigates the user from the shopping cart back to the Inventory page.","6838","Verify navigation back to the Inventory page","Command line suite","2026-08-30","passed","2026-08-30","com.SauceDemo.testcases.CartTest","Command line test","com.SauceDemo.testcases.CartTest","shouldReturnToInventoryPageWhenContinueShoppingIsClicked"
"Verify that the shopping cart page displays the correct page title when the user opens the cart.","4939","Verify the shopping cart page title","Command line suite","2026-08-30","passed","2026-08-30","com.SauceDemo.testcases.CartTest","Command line test","com.SauceDemo.testcases.CartTest","shouldDisplayCartPageTitle"
